Designator,Footprint,Quantity,Value,LCSC Part #
"H1, H10, H11, H12, H13, H14, H15, H16, H17, H18, H19, H2, H20, H21, H22, H23, H24, H25, H26, H27, H28, H29, H3, H30, H31, H32, H33, H34, H35, H36, H37, H38, H39, H4, H40, H41, H42, H5, H6, H7, H8, H9",MountingHole_2.5mm,42,MountingHole,
"J1, J10, J11, J12, J13, J14, J15, J16, J17, J18, J19, J2, J20, J21, J3, J4, J5, J6, J7, J8, J9",DIN41612_C2_2x16_Female_Vertical_THT,21,DIN41612_02x16_AC,
"J22, J23",TerminalBlock_RND_205-00232_1x02_P5.08mm_Horizontal,2,Screw_Terminal_01x02,
"J24, J25",GDLX-S-88K,2,RJ45_Shielded,
