Designator,Footprint,Quantity,Value,LCSC Part #
C1,0805,1,100nF,
C10,0805,1,100nF,
C2,0805,1,100nF,
C3,0805,1,100nF,
C4,0805,1,100nF,
C5,0805,1,100nF,
C6,0805,1,100nF,
"C7, C8",CP_EIA-6032-28_Kemet-C,2,470uF,
C9,0805,1,100nF,
"D1, D2, D3, D4, D5, D6",LED_SK6812_PLCC4_5.0x5.0mm_P3.2mm,6,SK6812,
"H1, H2",MountingHole_3.2mm_M3_DIN965,2,MountingHole,
J1,IDC-Header_2x05_P2.54mm_Vertical,1,Conn_01x10,
J2,eAVR6-UPDI-F,1,AVR-UPDI-6,
U1,SOIC-8_3.9x4.9mm_P1.27mm,1,ATtiny402-SS,
U2,SOIC-8_3.9x4.9mm_P1.27mm,1,SP481E,
