Designator,Footprint,Quantity,Value,LCSC Part #
C1,CP_Elec_8x10,1,470uF,
"C10, C2, C4",C_0805_2012Metric,3,10nF,
"C3, C5, C6, C7, C8, C9",C_0805_2012Metric,6,100nF,
"H1, H2",MountingHole_3.2mm_M3,2,MountingHole,
J1,eAVR6-UPDI-F,1,AVR-UPDI-6,
J2,PinSocket_1x06_P2.54mm_Vertical,1,Conn_01x06,
J3,IDC-Header_2x05_P2.54mm_Vertical,1,Conn_01x10,
J4,TerminalBlock_RND_205-00233_1x03_P5.08mm_Horizontal,1,Screw_Terminal_01x03,
"J5, J6",PinHeader_2x03_P2.54mm_Vertical,2,Conn_02x03_Odd_Even,
"J7, J8",GDLX-S-88K,2,RJ45_Shielded,
J9,PinHeader_1x02_P2.54mm_Vertical,1,1x02_Jumper,
Q1,SOT-23,1,DMG2301L,
R1,R_0805_2012Metric,1,10k,
R2,R_0805_2012Metric,1,10R,
R3,R_0805_2012Metric,1,330R,
"R4, R5, R6",R_0805_2012Metric,3,R,
R7,R_0805_2012Metric,1,1M,
SW1,SW_Push_1P1T_NO_6x6mm_H9.5mm,1,SW_Push,
U1,TQFP-32_7x7mm_P0.8mm,1,AVR64DD32,
"U2, U3",SOIC-8_3.9x4.9mm_P1.27mm,2,SP481E,
