Designator,Footprint,Quantity,Value,LCSC Part #
"C1, C4",0805,2,10nF,
"C2, C3, C5",0805,3,100nF,
C6,CP_EIA-6032-28_Kemet-C,1,220uF,
"J1, J2",PJ-325C5,2,AudioJack3,
J10,PinHeader_1x02_P2.54mm_Vertical,1,1x02_Jumper,
"J3, J7",JST_PH_B5B-PH-K_1x05_P2.00mm_Vertical,2,Conn_01x05,
"J4, J9",PinHeader_1x03_P2.54mm_Vertical,2,Conn_01x03,
J5,eAVR6-UPDI-F,1,AVR-UPDI-6,
J6,DIN41612_C2_2x16_Male_Horizontal_THT,1,DIN41612_02x16_AC,
J8,PinHeader_2x03_P2.54mm_Vertical,1,Conn_02x03_Odd_Even,
"K1, K2, K3",Relay_DPDT_HDF4-5,3,HFD4/5,
Q1,SOT-23,1,DMG2301L,
R1,0805,1,10k,
U1,TQFP-32_7x7mm_P0.8mm,1,AVR64DD32,
U2,SOP-16_3.9x9.9mm_P1.27mm,1,ULN2003,
U3,SOIC-8_3.9x4.9mm_P1.27mm,1,SP481E,
U4,KCX_BT_EMITTER_V1.7 12P,1,KCX_BT_EMITTER_1.7,
