Designator,Footprint,Quantity,Value,LCSC Part #
"C1, C10, C15, C2, C3, C4, C5, C6, C7, C8, C9",0805,11,100nF,
C11,0805,1,10uF,
C12,1210,1,47uF,
"C13, C14",CP_EIA-6032-28_Kemet-C,2,220uF,
"D1, D2, D3, D4, D5, D6, D7, D8",LED_SK6812_PLCC4_5.0x5.0mm_P3.2mm,8,SK6812,
F1,0805,1,Polyfuse,
J1,IDC-Header_2x03_P2.54mm_Vertical_SMD,1,AVR-UPDI-6,
J2,IDC-Header_2x05_P2.54mm_Vertical_SMD,1,Conn_01x10,
L1,1210,1,4.7uH,
U1,TSOT-23-6,1,AP63205WU,
U2,SOIC-8_3.9x4.9mm_P1.27mm,1,ATtiny402-SS,
U3,SOIC-8_3.9x4.9mm_P1.27mm,1,SP481E,
