Designator,Footprint,Quantity,Value,LCSC Part #
C1,0805,1,10nF,
C10,CP_EIA-6032-28_Kemet-C,1,220uF,
C2,0805,1,100nF,
C3,0805,1,100nF,
C4,0805,1,100nF,
C5,0805,1,10nF,
C6,0805,1,100nF,
C7,0805,1,100nF,
C8,0805,1,10uF,
C9,1210,1,47uF,
F1,0805,1,Polyfuse,
"H1, H2",MountingHole_3.2mm_M3_DIN965,2,MountingHole,
J1,TerminalBlock_bornier-2_P5.08mm,1,Screw_Terminal_01x02,
J2,IDC-Header_2x05_P2.54mm_Vertical,1,Conn_01x10,
J3,eAVR6-UPDI-F,1,AVR-UPDI-6,
"J4, J5",GDLX-S-88K,2,RJ45_Shielded,
L1,1210,1,4.7uH,
Q1,SOT-23,1,DMG2301L,
R1,0805,1,10R,
R2,0805,1,R,
R3,0805,1,R,
R4,0805,1,R,
U1,TQFP-32_7x7mm_P0.8mm,1,AVR64DD32,
"U2, U3",SOIC-8_3.9x4.9mm_P1.27mm,2,SP481E,
U4,TSOT-23-6,1,AP63205WU,
