Designator,Footprint,Quantity,Value,LCSC Part #
"D1, D2",0805,2,green,
"D10, D11, D12, D3, D4, D5, D6, D7, D8, D9",0805,10,yellow,
"J1, J2",PinHeader_2x02_P2.54mm_Vertical,2,Conn_02x02_Odd_Even,
"J3, J4",DIN41612_C2_2x16_Male_Horizontal_THT,2,DIN41612_02x16_AC,
J5,PinHeader_2x06_P2.54mm_Vertical,1,Conn_02x06_Odd_Even,
"J6, J7",PinHeader_1x02_P2.54mm_Vertical,2,Conn_01x02,
"J8, J9",GDLX-S-88K,2,RJ45_Shielded,
"Q1, Q10, Q2, Q3, Q4, Q5, Q6, Q7, Q8, Q9",SOT-23,10,DMG2302U,
"R1, R10, R11, R12, R2, R3, R4, R5, R6, R7, R8, R9",0805,12,R,
"R13, R14, R15, R16, R17, R18, R19, R20, R21, R22",0805,10,10R,
"TP1, TP10, TP11, TP12, TP13, TP14, TP15, TP16, TP2, TP3, TP4, TP5, TP6, TP7, TP8, TP9",TestPoint_Keystone_5010-5014_Multipurpose,16,TestPoint,
